{
    "loss": 14.301274299621582,
    "accuracy": 0.4313725531101227
}