{
    "loss": 0.06869605928659439,
    "accuracy": 0.9901960492134094
}