{
    "loss": 17.881731033325195,
    "accuracy": 0.4313725531101227
}