{
    "loss": 2.446981191635132,
    "accuracy": 0.8235294222831726
}